"Row Labels","2011_12","2012_13","2013_14","2014_15","2015_16","2016_17","2017_18","Grand Total"
"E09000001","527","449","530","369","627","1731","1826","6059"
"E09000002","3665","2417","1282","2564","2361","2423","2628","17340"
"E09000003","1450","1697","1779","11615","5999","7029","6153","35722"
"E09000004","980","1038","1078","1162","1110","1480","2105","8953"
"E09000005","7272","6911","7001","12912","13198","17340","18609","83243"
"E09000006","2222","2495","2809","3377","3343","3246","3067","20559"
"E09000007","6679","11477","10950","8308","7268","6778","12170","63630"
"E09000008","2740","11150","15113","18560",,"24797","19198","91558"
"E09000009","4964","6352","5765","7257","7032","14270","13610","59250"
"E09000010","19486","17871","31692","50121","70930","75614","3900","269614"
"E09000011","5120","5170","12765","14324","10712","7960","8411","64462"
"E09000012","1030","599","7635","6008","6917","3267","9821","35277"
"E09000013","5700","7079","9011","9208","10829","14870","18652","75349"
"E09000014","15713","12398","31045","25709","34975","33333","23549","176722"
"E09000015","8037","6228","8429","7072","8462","6835","9626","54689"
"E09000016","2972","2842","3620","2914","3726","4061","4655","24790"
"E09000017","4398","4506","1995","1817","7267","7766","7181","34930"
"E09000018","17059","13934","15864","16282","19809","22973","17063","122984"
"E09000019","2048","2231","2634","3166","4174","3011","2588","19852"
"E09000020","5482","6075","6934","6603","6105","9029","9852","50080"
"E09000021","239","126","339","956","1263","1528","1349","5800"
"E09000022","1696","1454","1206","4056","2493","3427","3433","17765"
"E09000023","15757","10604","9152","6747","5514","1931","3562","53267"
"E09000024","2526","3098","3064","3819","2816","3113","8878","27314"
"E09000025","40499","28443","67930","70192","32718","19917","15206","274905"
"E09000026","5110","6986","8939","11066","10864",,"13120","56085"
"E09000027","3208","2608","2871","2903","3723","5253","4701","25267"
"E09000028","16823","25894","26638","25583","21359","17131","15741","149169"
"E09000029","1479","1512","1264","1575","1478","2296","2683","12287"
"E09000030","6184","3732","5201","6671","4555","6287","7465","40095"
"E09000031","4456","3951","4723","6127","6798","6772","7678","40505"
"E09000032","1561","1546","1105","1357","1712","4335","5000","16616"
"E09000033","14694","19021","17121","16675",,"10075","13890","91476"
