code,area,year,total_incidents,total_action_taken,warning_letters,fixed_penalty_notices,statutory_notices,formal_cautions,injunctions,prosecutions
E09000001,City of London,2011-12,527,563,149,182,3,0,0,0
E09000002,Barking and Dagenham,2011-12,"3,665","2,687",140,78,110,0,0,0
E09000003,Barnet,2011-12,"1,450","2,356",337,46,0,0,0,0
E09000004,Bexley Council,2011-12,980,505,0,36,0,0,0,19
E09000005,Brent,2011-12,"7,272","6,713",679,558,"1,100",28,0,11
E09000006,Bromley,2011-12,"2,222",306,16,9,16,2,0,5
E09000007,Camden,2011-12,"6,679","5,541",465,31,55,1,0,0
E09000008,Croydon,2011-12,"2,740",31,17,6,4,0,0,0
E09000009,Ealing,2011-12,"4,964","6,727","3,852",82,193,4,0,23
E09000010,Enfield,2011-12,"19,486","7,262",191,"4,483",478,5,0,576
E09000011,Greenwich,2011-12,"5,120","6,344",19,974,36,1,0,7
E09000012,Hackney,2011-12,"1,030","2,332",22,18,171,0,0,0
E09000013,Hammersmith and Fulham,2011-12,"5,700","6,944",0,389,"3,300",2,0,10
E09000014,Haringey,2011-12,"15,713","8,817","1,455",280,796,18,0,49
E09000015,Harrow,2011-12,"8,037","1,053",177,0,6,6,0,2
E09000016,Havering,2011-12,"2,972","13,970","7,354",657,"1,264",0,0,9
E09000017,Hillingdon,2011-12,"4,398","5,120",60,"2,208",144,0,0,0
E09000018,Hounslow,2011-12,"17,059","1,234",8,0,0,0,0,0
E09000019,Islington,2011-12,"2,048","6,959","1,119","3,595",610,0,0,20
E09000020,Kensington and Chelsea,2011-12,"5,482","4,773",0,120,0,0,0,0
E09000021,Kingston Upon Thames,2011-12,239,0,0,0,0,0,0,0
E09000022,Lambeth,2011-12,"1,696",598,0,212,31,0,0,0
E09000023,Lewisham,2011-12,"15,757",789,164,101,22,15,0,18
E09000024,Merton,2011-12,"2,526","1,279",171,255,42,2,0,17
E09000025,Newham,2011-12,"40,499","9,593",1,"8,876",234,0,0,0
E09000026,Redbridge,2011-12,"5,110","6,114","3,172",66,286,0,0,4
E09000027,Richmond Upon Thames,2011-12,"3,208","2,610",645,16,1,1,0,3
E09000028,Southwark,2011-12,"16,823",0,0,0,0,0,0,0
E09000029,Sutton,2011-12,"1,479","1,255",65,120,112,0,0,4
E09000030,Tower Hamlets,2011-12,"6,184","3,251",790,"1,079",297,0,0,0
E09000031,Waltham Forest,2011-12,"4,456","17,182",252,991,"6,031",0,0,155
E09000032,Wandsworth,2011-12,"1,561","8,226","4,609",255,0,366,0,32
E09000033,Westminster,2011-12,"14,694","8,367","1,943","5,622",0,0,0,0
E09000001,City of London,2012-13,449,1492,658,245,3,0,0,0
E09000002,Barking and Dagenham,2012-13,"2,417","2,122",123,49,56,0,0,0
E09000003,Barnet,2012-13,"1,697","1,828",264,67,0,0,0,0
E09000004,Bexley Council,2012-13,1038,627,38,47,0,0,0,1
E09000005,Brent,2012-13,"6,911","2,232",182,184,268,12,0,9
E09000006,Bromley,2012-13,"2,495",479,21,24,15,1,0,2
E09000007,Camden,2012-13,"11,477","5,962",0,0,1,0,0,0
E09000008,Croydon,2012-13,"11,150",108,12,12,24,0,0,0
E09000009,Ealing,2012-13,"6,352","5,679","3,506",30,79,3,0,15
E09000010,Enfield,2012-13,"17,871","3,595",167,663,160,3,0,557
E09000011,Greenwich,2012-13,"5,170","7,482",31,1788,186,0,0,2
E09000012,Hackney,2012-13,599,"1,456",35,17,283,0,0,25
E09000013,Hammersmith and Fulham,2012-13,"7,079","1,719",0,68,40,0,0,2
E09000014,Haringey,2012-13,"12,398","4,719",300,335,548,5,0,2
E09000015,Harrow,2012-13,"6,228",0,0,0,0,0,0,0
E09000016,Havering,2012-13,"2,842","13,762","7,637",459,"1,778",0,0,17
E09000017,Hillingdon,2012-13,"4,506","4,188",0,"3,770",418,0,0,0
E09000018,Hounslow,2012-13,"13,934","1,030",0,0,0,0,0,0
E09000019,Islington,2012-13,"2,231","6,167",649,"3,797",497,0,0,9
E09000020,Kensington and Chelsea,2012-13,"6,075","5,009",1,335,0,0,0,0
E09000021,Kingston Upon Thames,2012-13,126,0,0,0,0,0,0,0
E09000022,Lambeth,2012-13,"1,454",0,0,0,0,0,0,0
E09000023,Lewisham,2012-13,"10,604",1083,203,22,50,8,0,23
E09000024,Merton,2012-13,"3,098","1,299",193,244,17,0,0,2
E09000025,Newham,2012-13,"28,443","7,283",0,"6,086",352,0,0,0
E09000026,Redbridge,2012-13,"6,986","6,913","2,942",94,106,2,0,4
E09000027,Richmond Upon Thames,2012-13,"2,608","2,291",637,12,1,0,0,13
E09000028,Southwark,2012-13,"25,894",1194,1,182,148,0,0,0
E09000029,Sutton,2012-13,"1,512",201,35,8,2,0,0,0
E09000030,Tower Hamlets,2012-13,"3,732","4,909",2190,"1,256",334,0,0,0
E09000031,Waltham Forest,2012-13,"3,951","17,049",95,1162,"4,913",0,0,74
E09000032,Wandsworth,2012-13,"1,546","5,166","2,136",140,0,232,0,8
E09000033,Westminster,2012-13,"19,021","6,636","1,822","3,611",0,0,0,0
E09000001,City of London,2013-14,530,433,42,56,9,0,0,0
E09000002,Barking and Dagenham,2013-14,"1,282","1,399",94,22,79,0,0,0
E09000003,Barnet,2013-14,"1,779",890,171,19,0,0,0,2
E09000004,Bexley Council,2013-14,1078,732,169,24,0,0,0,2
E09000005,Brent,2013-14,"7,001","3,189",360,310,442,35,0,13
E09000006,Bromley,2013-14,"2,809",653,49,89,21,0,0,8
E09000007,Camden,2013-14,"10,950","8,281",0,714,473,0,0,0
E09000008,Croydon,2013-14,"15,113",460,193,16,23,1,0,5
E09000009,Ealing,2013-14,"5,765","6,543","3,776",66,95,1,0,15
E09000010,Enfield,2013-14,"31,692","3,269",158,"1,008",76,2,0,415
E09000011,Greenwich,2013-14,"12,765","13,950",33,1975,100,0,0,4
E09000012,Hackney,2013-14,"7,635","10,495",136,358,1019,13,0,13
E09000013,Hammersmith and Fulham,2013-14,"9,011","1,719",0,59,85,0,0,4
E09000014,Haringey,2013-14,"31,045","7,633",15,840,1202,12,0,14
E09000015,Harrow,2013-14,"8,429",0,0,0,0,0,0,0
E09000016,Havering,2013-14,"3,620","13,393","6,279",346,"2,618",0,0,12
E09000017,Hillingdon,2013-14,"1,995","3,101",2,"2,439",660,0,0,0
E09000018,Hounslow,2013-14,"15,864",994,29,3,0,0,0,0
E09000019,Islington,2013-14,"2,634","8,646","1,005","5,979",567,0,0,14
E09000020,Kensington and Chelsea,2013-14,"6,934","6,353",3,222,1,1,0,3
E09000021,Kingston Upon Thames,2013-14,339,0,0,0,0,0,0,0
E09000022,Lambeth,2013-14,"1,206",0,0,0,0,0,0,0
E09000023,Lewisham,2013-14,"9,152",1499,141,151,1,0,0,1
E09000024,Merton,2013-14,"3,064","1,305",200,284,116,0,0,6
E09000025,Newham,2013-14,"67,930","10,354",0,"7,057",872,0,0,0
E09000026,Redbridge,2013-14,"8,939","4,778","2,069",132,109,0,0,9
E09000027,Richmond Upon Thames,2013-14,"2,871","2,647",730,14,1,0,0,0
E09000028,Southwark,2013-14,"26,638",3776,3,623,360,0,0,0
E09000029,Sutton,2013-14,"1,264",755,4,73,19,0,0,5
E09000030,Tower Hamlets,2013-14,"5,201","18,057",1144,"1,312",442,0,0,0
E09000031,Waltham Forest,2013-14,"4,723","17,176",254,872,"4,276",0,0,36
E09000032,Wandsworth,2013-14,"1,105","6,674","3,694",760,0,103,0,14
E09000033,Westminster,2013-14,"17,121","6,166","1,344","3,715",0,0,0,0
E09000001,City of London,2014-15,369,347,0,8,19,1,0,0
E09000002,Barking and Dagenham,2014-15,"2,564","3,100",1061,357,709,0,0,0
E09000003,Barnet,2014-15,"11,615",219,36,26,0,0,0,0
E09000004,Bexley Council,2014-15,1162,399,53,18,0,0,0,4
E09000005,Brent,2014-15,"12,912","3,926",502,355,388,12,0,19
E09000006,Bromley,2014-15,"3,377",462,25,9,23,0,0,8
E09000007,Camden,2014-15,"8,308","4,837",0,94,490,0,0,0
E09000008,Croydon,2014-15,"18,560",712,29,24,82,0,0,7
E09000009,Ealing,2014-15,"7,257","5,521","3,676",38,22,2,0,20
E09000010,Enfield,2014-15,"50,121","4,937",75,"2,540",258,0,0,249
E09000011,Greenwich,2014-15,"14,324","17,667",108,2729,102,0,0,1
E09000012,Hackney,2014-15,"6,008","8,865",115,269,1288,8,0,14
E09000013,Hammersmith and Fulham,2014-15,"9,208","1,632",0,48,54,0,0,13
E09000014,Haringey,2014-15,"25,709","8,639",0,799,1183,12,0,22
E09000015,Harrow,2014-15,"7,072",995,84,0,64,5,0,6
E09000016,Havering,2014-15,"2,914","7,404","2,909",190,820,4,0,5
E09000017,Hillingdon,2014-15,"1,817",0,0,0,0,0,0,0
E09000018,Hounslow,2014-15,"16,282","2,190",0,0,0,0,0,0
E09000019,Islington,2014-15,"3,166","8,172",380,"5,742",458,0,0,16
E09000020,Kensington and Chelsea,2014-15,"6,603","6,651",3,248,0,3,0,2
E09000021,Kingston Upon Thames,2014-15,956,0,0,0,0,0,0,0
E09000022,Lambeth,2014-15,"4,056",0,0,0,0,0,0,0
E09000023,Lewisham,2014-15,"6,747",2627,35,422,350,0,0,15
E09000024,Merton,2014-15,"3,819","6,985",535,5965,26,2,0,6
E09000025,Newham,2014-15,"70,192","8,620",4083,"2,122",757,0,0,0
E09000026,Redbridge,2014-15,"11,066","6,306","2,401",134,109,0,0,10
E09000027,Richmond Upon Thames,2014-15,"2,903",207,40,0,1,0,0,0
E09000028,Southwark,2014-15,"25,583",1889,0,374,116,0,0,1
E09000029,Sutton,2014-15,"1,575",545,39,165,28,3,0,0
E09000030,Tower Hamlets,2014-15,"6,671","17,064",1019,"1,544",376,0,0,0
E09000031,Waltham Forest,2014-15,"6,127","17,361",285,408,"3,159",4,0,22
E09000032,Wandsworth,2014-15,"1,357","4,977","2,277",453,0,113,0,75
E09000033,Westminster,2014-15,"16,675","6,380",916,"4,877",10,0,0,0
E09000001,City of London,2015-16,627,587,0,58,104,0,0,0
E09000002,Barking and Dagenham,2015-16,"2,361","2,672",855,620,473,0,0,9
E09000003,Barnet,2015-16,"5,999",615,16,11,108,0,0,3
E09000004,Bexley Council,2015-16,1110,262,39,12,0,0,0,1
E09000005,Brent,2015-16,"13,198","3,980",296,400,282,1,1,17
E09000006,Bromley,2015-16,"3,343",326,13,13,4,0,0,3
E09000007,Camden,2015-16,"7,268","4,719",23,400,371,0,0,0
E09000008,Croydon,2015-16,:,1775,14,928,48,0,0,141
E09000009,Ealing,2015-16,"7,032","6,067","2,212",2878,96,25,1,1
E09000010,Enfield,2015-16,"70,930","5,292",63,"1,776",613,2,0,66
E09000011,Greenwich,2015-16,"10,712","6,410",140,702,160,10,0,1
E09000012,Hackney,2015-16,"6,917","9,494",442,158,513,55,0,13
E09000013,Hammersmith and Fulham,2015-16,"10,829","1,868",0,41,47,0,0,18
E09000014,Haringey,2015-16,"34,975","3,615",28,448,1002,6,0,6
E09000015,Harrow,2015-16,"8,462","1,354",107,52,87,11,0,0
E09000016,Havering,2015-16,"3,726","8,523","2,912",213,297,1,0,5
E09000017,Hillingdon,2015-16,"7,267",620,0,0,0,0,0,0
E09000018,Hounslow,2015-16,"19,809","1,865",189,684,0,0,0,0
E09000019,Islington,2015-16,"4,174","8,250","1,815","4,635",460,0,0,4
E09000020,Kensington and Chelsea,2015-16,"6,105","6,308",0,212,12,0,0,0
E09000021,Kingston Upon Thames,2015-16,1263,0,0,0,0,0,0,0
E09000022,Lambeth,2015-16,"2,493",0,0,0,0,0,0,0
E09000023,Lewisham,2015-16,"5,514",2611,85,579,419,0,0,7
E09000024,Merton,2015-16,"2,816","2,542",198,2037,1,1,0,7
E09000025,Newham,2015-16,"32,718","10,621",0,"1,206",613,0,0,0
E09000026,Redbridge,2015-16,"10,864","4,319","1,447",55,21,15,0,0
E09000027,Richmond Upon Thames,2015-16,"3,723","2,133",383,8,0,0,0,0
E09000028,Southwark,2015-16,"21,359",1476,0,213,234,0,0,0
E09000029,Sutton,2015-16,"1,478",146,9,3,10,0,0,0
E09000030,Tower Hamlets,2015-16,"4,555","17,494",811,"1,433",301,0,0,0
E09000031,Waltham Forest,2015-16,"6,798","12,290",529,3257,941,1,0,3
E09000032,Wandsworth,2015-16,"1,712","8,547","3,995",649,0,55,0,0
E09000033,Westminster,2015-16,:,"3,447",267,"2,789",0,0,0,0
E09000001,City of London,2016-17,1731,1944,0,155,204,2,0,1
E09000002,Barking and Dagenham,2016-17,"2,423","1,130",34,435,40,0,0,7
E09000003,Barnet,2016-17,"7,029",130,69,40,0,0,0,0
E09000004,Bexley Council,2016-17,1480,439,89,75,0,0,0,0
E09000005,Brent,2016-17,"17,340","5,660",365,1561,655,13,0,10
E09000006,Bromley,2016-17,"3,246",228,13,4,3,0,0,5
E09000007,Camden,2016-17,"6,778","4,656",0,345,212,0,0,0
E09000008,Croydon,2016-17,"24,797",637,15,402,0,0,0,58
E09000009,Ealing,2016-17,"14,270","12,688","2,507",8398,267,0,0,0
E09000010,Enfield,2016-17,"75,614","10,894",90,"1,151",796,23,0,0
E09000011,Greenwich,2016-17,"7,960","2,188",185,111,44,0,0,0
E09000012,Hackney,2016-17,"3,267","5,601",97,214,544,40,0,29
E09000013,Hammersmith and Fulham,2016-17,"14,870","4,857",0,390,261,9,0,4
E09000014,Haringey,2016-17,"33,333","5,131",0,803,703,0,0,15
E09000015,Harrow,2016-17,"6,835","1,385",58,23,120,4,0,13
E09000016,Havering,2016-17,"4,061","11,748","5,077",375,296,0,0,0
E09000017,Hillingdon,2016-17,"7,766","3,031",0,"3,031",0,0,0,0
E09000018,Hounslow,2016-17,"22,973","2,242",109,809,0,0,0,0
E09000019,Islington,2016-17,"3,011","7,878","1,484","4,992",316,0,0,3
E09000020,Kensington and Chelsea,2016-17,"9,029","9,282",0,218,0,0,0,2
E09000021,Kingston Upon Thames,2016-17,1528,0,0,0,0,0,0,0
E09000022,Lambeth,2016-17,"3,427",0,0,0,0,0,0,0
E09000023,Lewisham,2016-17,"1,931",1454,27,205,279,0,0,1
E09000024,Merton,2016-17,"3,113","6,056",366,5352,9,5,0,0
E09000025,Newham,2016-17,"19,917","5,155",0,"2,244",950,0,0,0
E09000026,Redbridge,2016-17,:,"2,489",277,248,232,52,0,10
E09000027,Richmond Upon Thames,2016-17,"5,253","3,337",410,36,0,0,0,0
E09000028,Southwark,2016-17,"17,131",1937,355,355,395,17,0,16
E09000029,Sutton,2016-17,"2,296",278,20,9,0,0,0,0
E09000030,Tower Hamlets,2016-17,"6,287","14,601",717,"1,302",181,0,0,0
E09000031,Waltham Forest,2016-17,"6,772","18,459",320,7394,"1,474",0,0,197
E09000032,Wandsworth,2016-17,"4,335","9,582","2,540",1969,0,611,0,0
E09000033,Westminster,2016-17,"10,075","3,876",374,"3,240",185,0,0,0
E09000001,City of London,2017-18,1826,2579,0,559,221,0,0,0
E09000002,Barking and Dagenham,2017-18,"2,628","1,066",7,970,27,0,0,0
E09000003,Barnet,2017-18,"6,153",503,7,496,0,0,0,0
E09000004,Bexley Council,2017-18,2105,327,28,68,0,0,0,0
E09000005,Brent,2017-18,"18,609","7,348",372,2531,708,0,0,118
E09000006,Bromley,2017-18,"3,067",258,17,34,3,0,0,3
E09000007,Camden,2017-18,"12,170","12,671",0,832,337,0,0,0
E09000008,Croydon,2017-18,"19,198",2684,19,520,10,0,0,49
E09000009,Ealing,2017-18,"13,610","5,471",150,5021,100,0,0,0
E09000010,Enfield,2017-18,"3,900","5,855",37,641,520,0,0,0
E09000011,Greenwich,2017-18,"8,411","1,443",65,193,119,0,0,0
E09000012,Hackney,2017-18,"9,821","11,172",112,119,245,5,0,17
E09000013,Hammersmith and Fulham,2017-18,"18,652","2,982",0,194,262,6,0,8
E09000014,Haringey,2017-18,"23,549","3,171",0,1235,469,8,0,27
E09000015,Harrow,2017-18,"9,626","1,622",77,17,60,0,0,5
E09000016,Havering,2017-18,"4,655","10,463","3,986",295,611,0,0,2
E09000017,Hillingdon,2017-18,"7,181","4,393",0,"4,393",0,0,0,0
E09000018,Hounslow,2017-18,"17,063","4,334",2074,765,4,0,0,0
E09000019,Islington,2017-18,"2,588","7,231",964,"5,393",254,0,0,5
E09000020,Kensington and Chelsea,2017-18,"9,852","10,165",0,181,0,0,0,1
E09000021,Kingston Upon Thames,2017-18,1349,3,0,3,0,0,0,0
E09000022,Lambeth,2017-18,"3,433",959,0,181,0,0,0,0
E09000023,Lewisham,2017-18,"3,562",1330,32,365,249,0,0,0
E09000024,Merton,2017-18,"8,878","6,299",191,5641,18,0,0,0
E09000025,Newham,2017-18,"15,206","3,615",0,"1,290",119,0,0,0
E09000026,Redbridge,2017-18,"13,120","6,469","1,005",717,607,652,0,16
E09000027,Richmond Upon Thames,2017-18,"4,701","2,615",288,25,0,0,0,0
E09000028,Southwark,2017-18,"15,741",2255,113,309,439,0,0,6
E09000029,Sutton,2017-18,"2,683",450,57,6,56,0,0,0
E09000030,Tower Hamlets,2017-18,"7,465","13,316",821,"1,179",161,0,0,0
E09000031,Waltham Forest,2017-18,"7,678","17,036",236,9566,"1,005",202,0,45
E09000032,Wandsworth,2017-18,"5,000","9,735","1,453",2064,0,158,0,0
E09000033,Westminster,2017-18,"13,890","7,111","1,882","5,098",131,0,0,0
E09000001,City of London,2018-19,1501,1566,0,189,174,0,0,1
E09000002,Barking and Dagenham,2018-19,"2,901",440,0,411,11,0,0,0
E09000003,Barnet,2018-19,"2,167","1,016",0,1016,0,0,0,0
E09000004,Bexley Council,2018-19,2146,205,26,86,0,0,0,0
E09000005,Brent,2018-19,"23,965","6,236",1392,1679,803,0,0,9
E09000006,Bromley,2018-19,"3,172",287,24,9,0,0,0,9
E09000007,Camden,2018-19,"25,765","26,861",0,489,410,0,0,0
E09000008,Croydon,2018-19,"22,184",1994,55,518,199,0,1,21
E09000009,Ealing,2018-19,"12,547","4,620",148,4055,91,0,0,0
E09000010,Enfield,2018-19,"5,164","6,278",25,457,163,0,0,0
E09000011,Greenwich,2018-19,"15,897",933,68,132,59,0,0,0
E09000012,Hackney,2018-19,"13,504","1,751",98,210,281,0,0,5
E09000013,Hammersmith and Fulham,2018-19,"16,769","1,700",0,195,76,0,0,8
E09000014,Haringey,2018-19,"21,320",419,13,165,190,0,0,15
E09000015,Harrow,2018-19,"13,658",890,139,15,47,0,0,4
E09000016,Havering,2018-19,"3,959","6,114","2,022",160,290,0,0,3
E09000017,Hillingdon,2018-19,"10,677","3,453",0,"3,343",0,0,0,0
E09000018,Hounslow,2018-19,"21,897","2,862",206,408,0,0,0,0
E09000019,Islington,2018-19,"1,434","4,145",70,"2,831",369,0,0,1
E09000020,Kensington and Chelsea,2018-19,"6,836","6,915",0,85,0,0,0,4
E09000021,Kingston Upon Thames,2018-19,1589,21,0,21,0,0,0,0
E09000022,Lambeth,2018-19,"5,379",1963,0,730,0,0,0,0
E09000023,Lewisham,2018-19,"3,542",1308,15,331,245,0,0,1
E09000024,Merton,2018-19,"11,406","8,862",37,8560,48,3,0,0
E09000025,Newham,2018-19,"14,656","2,070",0,722,71,0,0,0
E09000026,Redbridge,2018-19,:,"1,783",0,947,0,152,0,4
E09000027,Richmond Upon Thames,2018-19,"3,588","2,870",32,364,0,0,0,0
E09000028,Southwark,2018-19,"14,412",2936,0,507,424,0,0,7
E09000029,Sutton,2018-19,"3,151",995,60,338,83,0,0,0
E09000030,Tower Hamlets,2018-19,"9,228","12,403",1077,0,0,0,0,0
E09000031,Waltham Forest,2018-19,"9,434","12,943",223,9977,341,0,0,15
E09000032,Wandsworth,2018-19,"5,410","8,836",555,652,0,866,0,0
E09000033,Westminster,2018-19,"15,003","5,855","1,611","4,158",85,0,0,0
E09000001,City of London,2019-20,1804,2255,0,178,167,0,0,0
E09000002,Barking and Dagenham,2019-20,"3,794",157,0,157,0,0,0,0
E09000003,Barnet,2019-20,"3,420","1,869",0,1869,0,0,0,0
E09000004,Bexley Council,2019-20,2552,102,13,44,0,0,0,0
E09000005,Brent,2019-20,"34,197","4,876",2043,106,68,0,0,49
E09000006,Bromley,2019-20,"2,821",211,15,5,0,0,0,2
E09000007,Camden,2019-20,"34,465","40,457",0,5491,449,0,0,0
E09000008,Croydon,2019-20,"25,532",2660,250,664,249,0,0,15
E09000009,Ealing,2019-20,"13,115","6,791",180,5060,120,0,0,0
E09000010,Enfield,2019-20,"4,979","6,317",14,373,543,0,0,0
E09000011,Greenwich,2019-20,"11,795",822,42,89,135,0,0,5
E09000012,Hackney,2019-20,"12,190","1,316",38,224,319,0,0,1
E09000013,Hammersmith and Fulham,2019-20,"13,322","1,352",0,304,24,0,0,0
E09000014,Haringey,2019-20,"22,972",576,4,374,34,0,0,12
E09000015,Harrow,2019-20,"11,151",553,13,99,21,0,0,1
E09000016,Havering,2019-20,"3,380","5,744","1,727",169,345,0,0,0
E09000017,Hillingdon,2019-20,"10,434","2,695",0,"2,570",0,0,0,0
E09000018,Hounslow,2019-20,"22,480","3,431",727,239,0,0,0,0
E09000019,Islington,2019-20,"1,764","3,806",105,"2,493",531,0,0,6
E09000020,Kensington and Chelsea,2019-20,"6,490","6,692",0,94,9,0,0,1
E09000021,Kingston Upon Thames,2019-20,1619,482,0,271,25,4,0,0
E09000022,Lambeth,2019-20,"6,638",1823,58,591,0,0,0,0
E09000023,Lewisham,2019-20,"3,842",1269,18,355,172,0,0,0
E09000024,Merton,2019-20,"13,047","4,737",18,4431,35,4,0,7
E09000025,Newham,2019-20,"11,145","1,724",17,243,104,7,0,5
E09000026,Redbridge,2019-20,"19,897","7,560",163,3190,368,392,0,13
E09000027,Richmond Upon Thames,2019-20,"2,887","1,208",25,163,0,0,0,0
E09000028,Southwark,2019-20,"17,872",2654,0,318,606,0,0,0
E09000029,Sutton,2019-20,"3,823",985,45,474,3,0,0,0
E09000030,Tower Hamlets,2019-20,"7,365","6,553",906,0,0,0,0,0
E09000031,Waltham Forest,2019-20,"9,260","14,355",455,11012,13,2,0,4
E09000032,Wandsworth,2019-20,"4,745","14,617",360,955,0,46,0,0
E09000033,Westminster,2019-20,"15,283","5,734","1,439","4,240",0,0,0,0
E09000001,City of London,2020-21,2112,3091,0,436,368,0,0,0
E09000002,Barking and Dagenham,2020-21,"3,494",88,0,88,0,0,0,0
E09000003,Barnet,2020-21,"4,218",12,0,12,0,0,0,0
E09000004,Bexley Council,2020-21,5684,0,0,0,0,0,0,0
E09000005,Brent,2020-21,"33,467","3,529",1298,255,4,0,0,9
E09000006,Bromley,2020-21,"3,575",187,22,0,0,0,0,0
E09000007,Camden,2020-21,"36,696","29,580",0,25,88,0,0,0
E09000008,Croydon,2020-21,"22,719",2280,210,495,119,0,0,0
E09000009,Ealing,2020-21,"13,090","6,047",180,4918,120,0,0,0
E09000010,Enfield,2020-21,"7,289","7,088",89,536,578,0,0,0
E09000011,Greenwich,2020-21,"4,376","1,170",84,175,33,0,0,2
E09000012,Hackney,2020-21,"13,609",937,16,150,46,0,0,0
E09000013,Hammersmith and Fulham,2020-21,"16,828","8,632",3394,998,9,0,0,0
E09000014,Haringey,2020-21,"21,950","1,821",8,1392,300,0,0,1
E09000015,Harrow,2020-21,"7,622",397,8,136,8,0,0,0
E09000016,Havering,2020-21,"3,242","5,155","2,323",215,186,0,1,0
E09000017,Hillingdon,2020-21,"9,323","1,560",0,"1,469",0,0,0,0
E09000018,Hounslow,2020-21,"30,902","3,372",740,85,0,0,0,0
E09000019,Islington,2020-21,"1,982",61,0,28,17,0,0,8
E09000020,Kensington and Chelsea,2020-21,"8,043","8,107",0,35,0,0,0,0
E09000021,Kingston Upon Thames,2020-21,2205,914,39,40,35,15,0,0
E09000022,Lambeth,2020-21,"5,040",1720,0,832,0,0,0,0
E09000023,Lewisham,2020-21,"4,294",1375,137,312,75,0,0,0
E09000024,Merton,2020-21,"15,857","8,089",1052,6745,14,3,0,0
E09000025,Newham,2020-21,"20,765","1,608",1,117,201,0,0,0
E09000026,Redbridge,2020-21,"26,053","10,685",822,1671,1320,1517,0,0
E09000027,Richmond Upon Thames,2020-21,"2,981","1,026",2,154,0,0,0,0
E09000028,Southwark,2020-21,"21,386",278,0,64,57,0,0,0
E09000029,Sutton,2020-21,"4,487",470,37,33,3,0,0,0
E09000030,Tower Hamlets,2020-21,"7,537","1,739",225,0,67,0,0,0
E09000031,Waltham Forest,2020-21,"8,606","10,707",192,9260,15,3,0,0
E09000032,Wandsworth,2020-21,"3,924","19,452",162,2654,0,0,0,2
E09000033,Westminster,2020-21,"11,478",797,274,326,0,0,0,0
E09000001,City of London,2021-22,2497,2485,0,498,350,0,0,0
E09000002,Barking and Dagenham,2021-22,"2,714",171,0,171,0,0,0,0
E09000003,Barnet,2021-22,"5,907",20,0,20,0,0,0,0
E09000004,Bexley Council,2021-22,5096,407,0,406,0,0,0,0
E09000005,Brent,2021-22,"35,840","8,022",2183,1988,16,0,0,28
E09000006,Bromley,2021-22,"3,558",304,52,12,0,0,0,1
E09000007,Camden,2021-22,"32,517","33,185",0,172,185,0,0,0
E09000008,Croydon,2021-22,"26,659",2078,589,232,9,0,0,9
E09000009,Ealing,2021-22,"12,303","10,529",132,4855,30,176,0,5
E09000010,Enfield,2021-22,"5,462","5,061",144,"3,140",107,0,0,55
E09000011,Greenwich,2021-22,"8,666",918,183,118,111,0,0,1
E09000012,Hackney,2021-22,:,:,:,:,:,:,:,:
E09000013,Hammersmith and Fulham,2021-22,"20,032","7,881",1679,1454,211,0,0,0
E09000014,Haringey,2021-22,"20,056","2,412",3,1839,217,0,0,0
E09000015,Harrow,2021-22,"9,802",291,4,116,4,0,0,0
E09000016,Havering,2021-22,"3,029","8,559","3,532",682,480,0,0,0
E09000017,Hillingdon,2021-22,"6,967","1,082",0,"1,034",0,0,0,0
E09000018,Hounslow,2021-22,"33,610","3,671",248,53,0,0,0,0
E09000019,Islington,2021-22,"1,404","2,857",242,905,217,0,0,0
E09000020,Kensington and Chelsea,2021-22,"8,569","7,897",0,45,0,0,0,2
E09000021,Kingston Upon Thames,2021-22,4363,1682,80,594,64,0,0,0
E09000022,Lambeth,2021-22,"5,205",4807,0,2247,170,0,0,0
E09000023,Lewisham,2021-22,"29,515",2631,230,1163,130,2,0,1
E09000024,Merton,2021-22,"17,714","14,864",6973,7379,15,3,0,105
E09000025,Newham,2021-22,"25,879","3,583",2,559,542,0,0,0
E09000026,Redbridge,2021-22,"6,035","7,768",373,2301,2110,0,0,0
E09000027,Richmond Upon Thames,2021-22,"2,569","1,173",7,118,0,0,0,0
E09000028,Southwark,2021-22,"22,553",2633,0,638,404,0,0,0
E09000029,Sutton,2021-22,"4,552","1,105",48,471,17,0,0,7
E09000030,Tower Hamlets,2021-22,"8,199","7,954",1870,161,107,0,0,0
E09000031,Waltham Forest,2021-22,"9,813","10,039",15,8212,12,2,0,0
E09000032,Wandsworth,2021-22,"6,015","18,119",75,4179,0,0,0,0
E09000033,Westminster,2021-22,"18,749","11,094",481,5003,13,0,0,0
E09000001,City of London,2022-23,"2,998","3,212",0,859,439,0,0,0
E09000002,Barking and Dagenham,2022-23,"3,845",96,0,96,0,0,0,0
E09000003,Barnet,2022-23,"9,763",10,0,10,0,0,0,0
E09000004,Bexley Council,2022-23,"3,633",712,0,710,0,0,0,0
E09000005,Brent,2022-23,"34,830","7,192","1,889","2,220",67,0,0,33
E09000006,Bromley,2022-23,"3,626",258,25,27,32,2,0,9
E09000007,Camden,2022-23,"31,457","32,626",0,462,240,0,0,0
E09000008,Croydon,2022-23,"22,852",986,440,10,9,0,0,4
E09000009,Ealing,2022-23,"12,922","8,739",518,"3,785",0,0,0,0
E09000010,Enfield,2022-23,"5,505","11,580",43,"5,096",62,0,0,44
E09000011,Greenwich,2022-23,"9,524","1,061",97,160,43,8,0,1
E09000012,Hackney,2022-23,"27,471","1,453",29,278,7,10,0,0
E09000013,Hammersmith and Fulham,2022-23,"13,504","10,531","1,458","2,863",329,0,0,0
E09000014,Haringey,2022-23,"22,198","1,593",6,"1,311",215,0,0,0
E09000015,Harrow,2022-23,"9,222","2,148",0,"1,137",0,0,0,0
E09000016,Havering,2022-23,"3,249","4,716",850,654,120,0,0,2
E09000017,Hillingdon,2022-23,"5,517",163,0,43,0,0,0,0
E09000018,Hounslow,2022-23,"26,135","1,290",156,13,0,0,0,0
E09000019,Islington,2022-23,"1,292","3,644",103,"1,781",506,0,0,0
E09000020,Kensington and Chelsea,2022-23,"7,263","7,811",0,610,0,0,0,0
E09000021,Kingston Upon Thames,2022-23,"3,721","2,439",0,346,231,1,0,0
E09000022,Lambeth,2022-23,"5,951","4,454",11,"1,572",481,0,0,0
E09000023,Lewisham,2022-23,"24,327","2,846",188,"1,515",120,14,0,1
E09000024,Merton,2022-23,"17,914","6,603","4,854","1,180",19,5,0,0
E09000025,Newham,2022-23,"17,497","5,794",0,804,"1,266",0,0,6
E09000026,Redbridge,2022-23,"6,713","7,435",532,659,183,0,0,21
E09000027,Richmond Upon Thames,2022-23,"3,675","1,216",0,110,0,0,0,0
E09000028,Southwark,2022-23,"18,676","3,006",0,800,427,0,0,3
E09000029,Sutton,2022-23,"4,946","1,952",3,"1,167",0,0,0,7
E09000030,Tower Hamlets,2022-23,"15,861","17,891","1,200",585,162,0,0,0
E09000031,Waltham Forest,2022-23,"9,160","5,285",0,"3,128",3,0,0,1
E09000032,Wandsworth,2022-23,"6,094","17,737",68,"4,302",0,0,0,0
E09000033,Westminster,2022-23,"30,737","20,348",760,"2,694",784,0,0,3
E09000001,City of London,2023-24,"2,315","2,842",0,938,311,0,0,0
E09000002,Barking and Dagenham,2023-24,"3,624",103,0,103,0,0,0,0
E09000003,Barnet,2023-24,"8,796",39,0,39,0,0,0,0
E09000004,Bexley Council,2023-24,"4,318","1,957",0,"1,890",0,0,0,63
E09000005,Brent,2023-24,"27,023","7,713",920,"2,816",345,0,0,1
E09000006,Bromley,2023-24,"4,619",168,3,52,2,2,0,12
E09000007,Camden,2023-24,"34,786","35,897",0,499,379,0,0,0
E09000008,Croydon,2023-24,"35,470",109,0,1,5,0,0,0
E09000009,Ealing,2023-24,"16,828","5,096",77,"2,644",84,10,0,0
E09000010,Enfield,2023-24,"7,598","13,982",35,"5,769",54,0,0,149
E09000011,Greenwich,2023-24,"13,516","2,754",192,236,100,0,0,0
E09000012,Hackney,2023-24,"33,464","1,732",495,68,4,8,0,0
E09000013,Hammersmith and Fulham,2023-24,"11,877","8,490",412,"1,873",311,1,0,2
E09000014,Haringey,2023-24,"16,508","2,601",7,"1,518","1,076",0,0,0
E09000015,Harrow,2023-24,"12,609","2,595",9,"1,201",1,8,0,0
E09000016,Havering,2023-24,"3,361","5,557","2,502",692,96,0,0,2
E09000017,Hillingdon,2023-24,"10,099",81,0,36,0,0,0,0
E09000018,Hounslow,2023-24,"27,241",458,57,8,2,0,0,0
E09000019,Islington,2023-24,"1,347","4,303",765,"2,003",464,0,0,0
E09000020,Kensington and Chelsea,2023-24,"7,153","8,473",0,"1,334",0,0,0,0
E09000021,Kingston Upon Thames,2023-24,"2,935","1,008",1,37,34,0,0,0
E09000022,Lambeth,2023-24,"10,787","3,840",59,685,732,0,0,0
E09000023,Lewisham,2023-24,"27,599","3,749",216,"1,021",452,47,0,15
E09000024,Merton,2023-24,"16,116","5,942","4,042",837,22,0,0,0
E09000025,Newham,2023-24,"19,629","7,117",2,"1,552","1,144",0,0,1
E09000026,Redbridge,2023-24,"6,637","10,442",515,826,556,0,0,35
E09000027,Richmond Upon Thames,2023-24,"4,441","1,736",16,274,0,0,0,0
E09000028,Southwark,2023-24,"22,912","2,818",0,783,359,0,0,0
E09000029,Sutton,2023-24,"4,173",780,16,152,0,0,0,0
E09000030,Tower Hamlets,2023-24,"6,744","24,205","1,712",508,202,0,0,2
E09000031,Waltham Forest,2023-24,"9,431","9,753",822,"4,847",7,0,0,0
E09000032,Wandsworth,2023-24,"5,032","9,844",28,"2,818",0,0,0,0
E09000033,Westminster,2023-24,"25,531","18,159",373,"1,721","1,450",0,0,2
E09000001,City of London,2024-25,"1,655","3,272",0,"1,035",337,0,0,0
E09000002,Barking and Dagenham,2024-25,"7,617",158,0,158,0,0,0,0
E09000003,Barnet,2024-25,"6,938",890,0,409,0,0,0,0
E09000004,Bexley Council,2024-25,"3,787",628,0,628,0,0,0,0
E09000005,Brent,2024-25,"16,338","22,578","2,448","3,655",124,0,0,4
E09000006,Bromley,2024-25,"6,981",355,6,31,50,0,0,6
E09000007,Camden,2024-25,"36,216","37,918",68,"1,169",428,0,0,0
E09000008,Croydon,2024-25,"53,268",156,0,23,0,0,0,0
E09000009,Ealing,2024-25,"25,394","5,471",180,"2,429",29,"1,065",0,0
E09000010,Enfield,2024-25,"9,218","12,607",85,"4,712",140,0,0,185
E09000011,Greenwich,2024-25,"16,638","1,666",138,179,43,0,0,0
E09000012,Hackney,2024-25,"31,042","2,558",500,106,7,3,0,0
E09000013,Hammersmith and Fulham,2024-25,"8,087","8,877",501,"2,164",413,0,0,0
E09000014,Haringey,2024-25,"16,915","2,377",0,"1,226","1,150",0,0,1
E09000015,Harrow,2024-25,"13,925","2,764",0,"1,260",0,0,0,0
E09000016,Havering,2024-25,"4,532","6,764","2,924",815,123,0,0,7
E09000017,Hillingdon,2024-25,"9,846",238,0,106,0,0,0,0
E09000018,Hounslow,2024-25,"25,177",379,10,4,2,0,0,0
E09000019,Islington,2024-25,"3,330","4,098","1,949",772,434,0,0,0
E09000020,Kensington and Chelsea,2024-25,"7,613","9,865",0,"2,163",0,0,0,0
E09000021,Kingston Upon Thames,2024-25,"2,390","1,374",48,12,0,6,0,0
E09000022,Lambeth,2024-25,"21,220","8,445",216,925,792,0,0,0
E09000023,Lewisham,2024-25,"33,471","3,174",211,748,212,0,0,0
E09000024,Merton,2024-25,"14,883","9,502","3,995","1,306",27,7,0,0
E09000025,Newham,2024-25,"26,502","25,947",141,"14,502","1,233",0,0,1
E09000026,Redbridge,2024-25,"8,189","10,669",0,"1,114",390,0,0,26
E09000027,Richmond Upon Thames,2024-25,"5,611","1,992",3,53,0,0,0,0
E09000028,Southwark,2024-25,"18,530","4,269",0,555,706,0,0,0
E09000029,Sutton,2024-25,"3,873",460,7,125,0,0,0,2
E09000030,Tower Hamlets,2024-25,"6,029","13,594","1,300",426,240,0,0,0
E09000031,Waltham Forest,2024-25,"10,246","6,517",273,"2,755",5,0,0,0
E09000032,Wandsworth,2024-25,"5,580","13,429",0,"1,828",0,0,0,0
E09000033,Westminster,2024-25,"20,047","7,957",950,"2,522","1,620",0,0,1
